run_id,model_family,config_path,split,unseen_policy,recall@1,recall@3,recall@5,recall@10,macro_f1,weighted_f1,mrr@10,ndcg@10,head_recall@10,mid_recall@10,tail_recall@10,latency_p50_ms,latency_p95_ms,taxonomy_version,splits_version,splits_legacy_random_val,notes
20260427_143330_most_frequent,baseline_most_frequent,configs/baseline.yaml,test,known_only,0.0000,0.0000,0.1159,0.2363,0.0000,0.0000,0.0426,0.0867,0.2530,0.0000,0.0000,0.0000,0.0000,sha256:85f23a78d109c9be7430a46e6427f9070f6d267492970a7adba2a24f3840fe90,sha256:819b765df8368035d6c29b1a54477d760de429cfdc3b91eb69791049adfd16dc,false,
20260427_143358_sparse_linear_svc,sparse,configs/sparse.yaml,test,known_only,0.4217,0.5856,0.6492,0.6989,0.1342,0.4032,0.5154,0.5601,0.7165,0.4732,0.2885,1.3098,2.3592,sha256:85f23a78d109c9be7430a46e6427f9070f6d267492970a7adba2a24f3840fe90,sha256:819b765df8368035d6c29b1a54477d760de429cfdc3b91eb69791049adfd16dc,false,
20260427_165442_retrieval_e5,retrieval,configs/retrieval.yaml,test,known_only,0.3062,0.5345,0.6305,0.7725,0.1371,0.3144,0.4462,0.5239,0.7776,0.7708,0.2500,6.7728,10.5887,sha256:85f23a78d109c9be7430a46e6427f9070f6d267492970a7adba2a24f3840fe90,sha256:819b765df8368035d6c29b1a54477d760de429cfdc3b91eb69791049adfd16dc,false,
20260427_170433_hybrid_weighted_score_minmax,hybrid,configs/hybrid.yaml,test,known_only,0.4336,0.6237,0.7099,0.8163,0.1600,0.4248,0.5513,0.6146,0.8231,0.7917,0.2500,1.3425,2.1101,sha256:85f23a78d109c9be7430a46e6427f9070f6d267492970a7adba2a24f3840fe90,sha256:819b765df8368035d6c29b1a54477d760de429cfdc3b91eb69791049adfd16dc,false,
20260427_171719_hybrid_weighted_score_minmax,hybrid,configs/best.yaml,test,known_only,0.4334,0.6280,0.7091,0.8161,0.1591,0.4246,0.5520,0.6151,0.8231,0.7887,0.2500,1.3964,2.2776,sha256:85f23a78d109c9be7430a46e6427f9070f6d267492970a7adba2a24f3840fe90,sha256:819b765df8368035d6c29b1a54477d760de429cfdc3b91eb69791049adfd16dc,false,
20260429_022150_bm25_topic_name,sparse,E:/Python/orLLM/experiments/bm25_v1/configs/bm25_topic_name.yaml,test,known_only,0.0673,0.1246,0.1685,0.2216,0.0699,0.0972,0.1084,0.1350,0.0000,0.0899,0.2612,0.9871,3.1379,sha256:85f23a78d109c9be7430a46e6427f9070f6d267492970a7adba2a24f3840fe90,sha256:819b765df8368035d6c29b1a54477d760de429cfdc3b91eb69791049adfd16dc,false,
20260429_022250_bm25_aggtext,sparse,E:/Python/orLLM/experiments/bm25_v1/configs/bm25_topic_aggtext.yaml,test,known_only,0.1979,0.3696,0.4674,0.6201,0.0926,0.2266,0.3146,0.3866,0.0000,0.7474,0.5819,0.9325,2.9609,sha256:85f23a78d109c9be7430a46e6427f9070f6d267492970a7adba2a24f3840fe90,sha256:819b765df8368035d6c29b1a54477d760de429cfdc3b91eb69791049adfd16dc,false,
20260429_022348_bm25_doc_level,sparse,E:/Python/orLLM/experiments/bm25_v1/configs/bm25_doc_level.yaml,test,known_only,0.1990,0.3554,0.4621,0.6238,0.0878,0.2288,0.3123,0.3853,0.0000,0.8100,0.5679,0.8712,2.5775,sha256:85f23a78d109c9be7430a46e6427f9070f6d267492970a7adba2a24f3840fe90,sha256:819b765df8368035d6c29b1a54477d760de429cfdc3b91eb69791049adfd16dc,false,
20260429_023412_bm25_topic_name,sparse,E:/Python/orLLM/experiments/bm25_v1/configs/bm25_topic_name.yaml,test,known_only,0.0597,0.1112,0.1468,0.1897,0.0325,0.0740,0.0954,0.1176,0.1928,0.1488,0.1224,0.7794,2.3795,sha256:85f23a78d109c9be7430a46e6427f9070f6d267492970a7adba2a24f3840fe90,sha256:819b765df8368035d6c29b1a54477d760de429cfdc3b91eb69791049adfd16dc,false,
20260429_023849_bm25_aggtext,sparse,E:/Python/orLLM/experiments/bm25_v1/configs/bm25_topic_aggtext.yaml,test,known_only,0.3856,0.5803,0.6711,0.7904,0.1180,0.3766,0.5080,0.5753,0.8284,0.2708,0.0816,1.4235,4.6699,sha256:85f23a78d109c9be7430a46e6427f9070f6d267492970a7adba2a24f3840fe90,sha256:819b765df8368035d6c29b1a54477d760de429cfdc3b91eb69791049adfd16dc,false,
20260429_223142_prefix_val,prefix_eval,E:/Python/orLLM/configs/prefix.yaml,val,known_only,0.8828,0.8828,0.8828,0.8828,0.0000,0.0000,0.8828,0.8828,,,,,,sha256:85f23a78d109c9be7430a46e6427f9070f6d267492970a7adba2a24f3840fe90,sha256:819b765df8368035d6c29b1a54477d760de429cfdc3b91eb69791049adfd16dc,true,"prefix_eval, picked (L_min=100, channel=max_score, tau=0.980683)"
20260429_225812_prefix_test,prefix_eval,E:/Python/orLLM/configs/prefix.yaml,test,known_only,0.8609,0.8609,0.8609,0.8609,0.0000,0.0000,0.8609,0.8609,,,,,,sha256:85f23a78d109c9be7430a46e6427f9070f6d267492970a7adba2a24f3840fe90,sha256:819b765df8368035d6c29b1a54477d760de429cfdc3b91eb69791049adfd16dc,true,"prefix_eval, picked (L_min=100, channel=max_score, tau=0.980683)"
20260505_103930_retrieval_e5,retrieval,configs/encoder_ablation/_tmp_retrieval_rubert_tiny2.yaml,test,known_only,0.2064,0.3975,0.4987,0.6305,0.0957,0.2295,0.3285,0.4001,0.6303,0.6935,0.2500,3.3864,5.3699,sha256:85f23a78d109c9be7430a46e6427f9070f6d267492970a7adba2a24f3840fe90,sha256:819b765df8368035d6c29b1a54477d760de429cfdc3b91eb69791049adfd16dc,false,
20260505_104146_hybrid_weighted_score_minmax,hybrid,configs/encoder_ablation/_tmp_hybrid_rubert_tiny2.yaml,test,known_only,0.4103,0.5866,0.6607,0.7549,0.1426,0.4013,0.5175,0.5743,0.7630,0.6994,0.2500,1.2569,1.8342,sha256:85f23a78d109c9be7430a46e6427f9070f6d267492970a7adba2a24f3840fe90,sha256:819b765df8368035d6c29b1a54477d760de429cfdc3b91eb69791049adfd16dc,false,
20260505_111402_retrieval_e5,retrieval,configs/encoder_ablation/_tmp_retrieval_e5_small.yaml,test,known_only,0.3001,0.5145,0.6102,0.7522,0.1309,0.3159,0.4341,0.5096,0.7579,0.7440,0.1923,12.2662,14.5671,sha256:85f23a78d109c9be7430a46e6427f9070f6d267492970a7adba2a24f3840fe90,sha256:819b765df8368035d6c29b1a54477d760de429cfdc3b91eb69791049adfd16dc,false,
20260505_111627_retrieval_e5,retrieval,configs/encoder_ablation/_tmp_retrieval_e5_small.yaml,test,known_only,0.3001,0.5145,0.6102,0.7522,0.1309,0.3159,0.4341,0.5096,0.7579,0.7440,0.1923,10.9784,13.7253,sha256:85f23a78d109c9be7430a46e6427f9070f6d267492970a7adba2a24f3840fe90,sha256:819b765df8368035d6c29b1a54477d760de429cfdc3b91eb69791049adfd16dc,false,
20260505_112353_hybrid_weighted_score_minmax,hybrid,configs/encoder_ablation/_tmp_hybrid_e5_small.yaml,test,known_only,0.4368,0.6261,0.7074,0.8070,0.1476,0.4210,0.5520,0.6130,0.8155,0.7589,0.2115,1.3418,2.1647,sha256:85f23a78d109c9be7430a46e6427f9070f6d267492970a7adba2a24f3840fe90,sha256:819b765df8368035d6c29b1a54477d760de429cfdc3b91eb69791049adfd16dc,false,
20260505_112504_retrieval_e5,retrieval,configs/encoder_ablation/_tmp_retrieval_minilm_l12.yaml,test,known_only,0.2500,0.4506,0.5352,0.6485,0.1015,0.2647,0.3710,0.4373,0.6435,0.7679,0.4038,7.9585,11.6211,sha256:85f23a78d109c9be7430a46e6427f9070f6d267492970a7adba2a24f3840fe90,sha256:819b765df8368035d6c29b1a54477d760de429cfdc3b91eb69791049adfd16dc,false,
20260505_113244_hybrid_weighted_score_minmax,hybrid,configs/encoder_ablation/_tmp_hybrid_minilm_l12.yaml,test,known_only,0.4224,0.5969,0.6611,0.7349,0.1468,0.4075,0.5239,0.5747,0.7360,0.7649,0.4231,1.3045,2.0457,sha256:85f23a78d109c9be7430a46e6427f9070f6d267492970a7adba2a24f3840fe90,sha256:819b765df8368035d6c29b1a54477d760de429cfdc3b91eb69791049adfd16dc,false,
20260505_113354_retrieval_e5,retrieval,configs/encoder_ablation/_tmp_retrieval_e5_base.yaml,test,known_only,0.3062,0.5345,0.6305,0.7725,0.1371,0.3144,0.4462,0.5239,0.7776,0.7708,0.2500,7.6847,11.3169,sha256:85f23a78d109c9be7430a46e6427f9070f6d267492970a7adba2a24f3840fe90,sha256:819b765df8368035d6c29b1a54477d760de429cfdc3b91eb69791049adfd16dc,false,
20260505_115158_hybrid_weighted_score_minmax,hybrid,configs/encoder_ablation/_tmp_hybrid_e5_base.yaml,test,known_only,0.4334,0.6280,0.7091,0.8161,0.1591,0.4246,0.5520,0.6151,0.8231,0.7887,0.2500,1.3292,2.0460,sha256:85f23a78d109c9be7430a46e6427f9070f6d267492970a7adba2a24f3840fe90,sha256:819b765df8368035d6c29b1a54477d760de429cfdc3b91eb69791049adfd16dc,false,
20260505_115333_retrieval_e5,retrieval,configs/encoder_ablation/_tmp_retrieval_sbert_large_nlu_ru.yaml,test,known_only,0.2280,0.4159,0.5147,0.6492,0.1071,0.2496,0.3491,0.4202,0.6497,0.6875,0.3462,15.0083,20.0175,sha256:85f23a78d109c9be7430a46e6427f9070f6d267492970a7adba2a24f3840fe90,sha256:819b765df8368035d6c29b1a54477d760de429cfdc3b91eb69791049adfd16dc,false,
20260505_124146_hybrid_weighted_score_minmax,hybrid,configs/encoder_ablation/_tmp_hybrid_sbert_large_nlu_ru.yaml,test,known_only,0.4253,0.6017,0.6719,0.7596,0.1524,0.4123,0.5310,0.5859,0.7650,0.7262,0.4038,1.2423,1.8019,sha256:85f23a78d109c9be7430a46e6427f9070f6d267492970a7adba2a24f3840fe90,sha256:819b765df8368035d6c29b1a54477d760de429cfdc3b91eb69791049adfd16dc,false,
20260505_124426_retrieval_e5,retrieval,configs/encoder_ablation/_tmp_retrieval_e5_large.yaml,test,known_only,0.3301,0.5591,0.6524,0.7752,0.1491,0.3360,0.4679,0.5414,0.7777,0.8185,0.2308,14.2256,30.5088,sha256:85f23a78d109c9be7430a46e6427f9070f6d267492970a7adba2a24f3840fe90,sha256:819b765df8368035d6c29b1a54477d760de429cfdc3b91eb69791049adfd16dc,false,
20260505_135217_hybrid_weighted_score_minmax,hybrid,configs/encoder_ablation/_tmp_hybrid_e5_large.yaml,test,known_only,0.4448,0.6327,0.7121,0.8151,0.1582,0.4251,0.5600,0.6210,0.8208,0.8065,0.2692,1.3334,2.0318,sha256:85f23a78d109c9be7430a46e6427f9070f6d267492970a7adba2a24f3840fe90,sha256:819b765df8368035d6c29b1a54477d760de429cfdc3b91eb69791049adfd16dc,false,
20260505_211722_three_way_w_0p00_0p60_0p40,three_way_hybrid,experiments/three_way_fusion_v1/configs/three_way_weighted_minmax.yaml,test,known_only,0.4112,0.6158,0.7086,0.8436,0.1403,0.4010,0.5403,0.6124,0.8720,0.4911,0.1154,0.0604,0.0976,sha256:85f23a78d109c9be7430a46e6427f9070f6d267492970a7adba2a24f3840fe90,sha256:819b765df8368035d6c29b1a54477d760de429cfdc3b91eb69791049adfd16dc,false,"three_way_fusion_v1, fusion_mode=weighted_score_minmax"
20260505_211801_three_way_w_0p00_0p70_0p30,three_way_hybrid,experiments/three_way_fusion_v1/configs/three_way_weighted_minmax.yaml,test,known_only,0.4068,0.6193,0.7109,0.8499,0.1477,0.3966,0.5392,0.6131,0.8745,0.5565,0.1346,0.0596,0.0780,sha256:85f23a78d109c9be7430a46e6427f9070f6d267492970a7adba2a24f3840fe90,sha256:819b765df8368035d6c29b1a54477d760de429cfdc3b91eb69791049adfd16dc,false,"three_way_fusion_v1, fusion_mode=weighted_score_minmax"
20260505_211838_three_way_w_0p10_0p50_0p40,three_way_hybrid,experiments/three_way_fusion_v1/configs/three_way_weighted_minmax.yaml,test,known_only,0.4390,0.6287,0.7148,0.8482,0.1480,0.4181,0.5594,0.6279,0.8758,0.5060,0.1346,0.0587,0.0668,sha256:85f23a78d109c9be7430a46e6427f9070f6d267492970a7adba2a24f3840fe90,sha256:819b765df8368035d6c29b1a54477d760de429cfdc3b91eb69791049adfd16dc,false,"three_way_fusion_v1, fusion_mode=weighted_score_minmax"
20260505_211915_three_way_w_0p10_0p60_0p30,three_way_hybrid,experiments/three_way_fusion_v1/configs/three_way_weighted_minmax.yaml,test,known_only,0.4419,0.6327,0.7213,0.8529,0.1548,0.4226,0.5636,0.6323,0.8763,0.5804,0.1346,0.0590,0.0697,sha256:85f23a78d109c9be7430a46e6427f9070f6d267492970a7adba2a24f3840fe90,sha256:819b765df8368035d6c29b1a54477d760de429cfdc3b91eb69791049adfd16dc,false,"three_way_fusion_v1, fusion_mode=weighted_score_minmax"
20260505_211952_three_way_w_0p10_0p70_0p20,three_way_hybrid,experiments/three_way_fusion_v1/configs/three_way_weighted_minmax.yaml,test,known_only,0.4419,0.6358,0.7259,0.8555,0.1590,0.4250,0.5656,0.6345,0.8754,0.6369,0.1538,0.0588,0.0687,sha256:85f23a78d109c9be7430a46e6427f9070f6d267492970a7adba2a24f3840fe90,sha256:819b765df8368035d6c29b1a54477d760de429cfdc3b91eb69791049adfd16dc,false,"three_way_fusion_v1, fusion_mode=weighted_score_minmax"
20260505_212029_three_way_w_0p20_0p40_0p40,three_way_hybrid,experiments/three_way_fusion_v1/configs/three_way_weighted_minmax.yaml,test,known_only,0.4424,0.6268,0.7155,0.8411,0.1476,0.4203,0.5603,0.6270,0.8687,0.4970,0.1346,0.0598,0.1009,sha256:85f23a78d109c9be7430a46e6427f9070f6d267492970a7adba2a24f3840fe90,sha256:819b765df8368035d6c29b1a54477d760de429cfdc3b91eb69791049adfd16dc,false,"three_way_fusion_v1, fusion_mode=weighted_score_minmax"
20260505_212107_three_way_w_0p20_0p50_0p30,three_way_hybrid,experiments/three_way_fusion_v1/configs/three_way_weighted_minmax.yaml,test,known_only,0.4429,0.6317,0.7189,0.8466,0.1476,0.4221,0.5631,0.6305,0.8702,0.5714,0.1346,0.0617,0.0923,sha256:85f23a78d109c9be7430a46e6427f9070f6d267492970a7adba2a24f3840fe90,sha256:819b765df8368035d6c29b1a54477d760de429cfdc3b91eb69791049adfd16dc,false,"three_way_fusion_v1, fusion_mode=weighted_score_minmax"
20260505_212146_three_way_w_0p20_0p60_0p20,three_way_hybrid,experiments/three_way_fusion_v1/configs/three_way_weighted_minmax.yaml,test,known_only,0.4465,0.6360,0.7262,0.8502,0.1573,0.4268,0.5672,0.6345,0.8698,0.6369,0.1538,0.0587,0.0740,sha256:85f23a78d109c9be7430a46e6427f9070f6d267492970a7adba2a24f3840fe90,sha256:819b765df8368035d6c29b1a54477d760de429cfdc3b91eb69791049adfd16dc,false,"three_way_fusion_v1, fusion_mode=weighted_score_minmax"
20260505_212225_three_way_w_0p20_0p70_0p10,three_way_hybrid,experiments/three_way_fusion_v1/configs/three_way_weighted_minmax.yaml,test,known_only,0.4453,0.6373,0.7269,0.8446,0.1602,0.4278,0.5659,0.6323,0.8585,0.7173,0.1923,0.0588,0.0763,sha256:85f23a78d109c9be7430a46e6427f9070f6d267492970a7adba2a24f3840fe90,sha256:819b765df8368035d6c29b1a54477d760de429cfdc3b91eb69791049adfd16dc,false,"three_way_fusion_v1, fusion_mode=weighted_score_minmax"
20260505_212303_three_way_w_0p30_0p30_0p40,three_way_hybrid,experiments/three_way_fusion_v1/configs/three_way_weighted_minmax.yaml,test,known_only,0.4373,0.6197,0.7086,0.8312,0.1439,0.4170,0.5547,0.6204,0.8584,0.4940,0.1346,0.0605,0.0944,sha256:85f23a78d109c9be7430a46e6427f9070f6d267492970a7adba2a24f3840fe90,sha256:819b765df8368035d6c29b1a54477d760de429cfdc3b91eb69791049adfd16dc,false,"three_way_fusion_v1, fusion_mode=weighted_score_minmax"
20260505_212342_three_way_w_0p30_0p40_0p30,three_way_hybrid,experiments/three_way_fusion_v1/configs/three_way_weighted_minmax.yaml,test,known_only,0.4409,0.6244,0.7150,0.8388,0.1508,0.4200,0.5592,0.6256,0.8624,0.5625,0.1346,0.0595,0.0792,sha256:85f23a78d109c9be7430a46e6427f9070f6d267492970a7adba2a24f3840fe90,sha256:819b765df8368035d6c29b1a54477d760de429cfdc3b91eb69791049adfd16dc,false,"three_way_fusion_v1, fusion_mode=weighted_score_minmax"
20260505_212420_three_way_w_0p30_0p50_0p20,three_way_hybrid,experiments/three_way_fusion_v1/configs/three_way_weighted_minmax.yaml,test,known_only,0.4427,0.6282,0.7184,0.8431,0.1505,0.4218,0.5623,0.6290,0.8624,0.6339,0.1538,0.0602,0.0957,sha256:85f23a78d109c9be7430a46e6427f9070f6d267492970a7adba2a24f3840fe90,sha256:819b765df8368035d6c29b1a54477d760de429cfdc3b91eb69791049adfd16dc,false,"three_way_fusion_v1, fusion_mode=weighted_score_minmax"
20260505_212459_three_way_w_0p30_0p60_0p10,three_way_hybrid,experiments/three_way_fusion_v1/configs/three_way_weighted_minmax.yaml,test,known_only,0.4405,0.6348,0.7191,0.8365,0.1472,0.4210,0.5612,0.6268,0.8506,0.7083,0.1731,0.0596,0.0830,sha256:85f23a78d109c9be7430a46e6427f9070f6d267492970a7adba2a24f3840fe90,sha256:819b765df8368035d6c29b1a54477d760de429cfdc3b91eb69791049adfd16dc,false,"three_way_fusion_v1, fusion_mode=weighted_score_minmax"
20260505_212538_three_way_w_0p40_0p30_0p30,three_way_hybrid,experiments/three_way_fusion_v1/configs/three_way_weighted_minmax.yaml,test,known_only,0.4370,0.6176,0.7043,0.8290,0.1491,0.4173,0.5536,0.6190,0.8522,0.5565,0.1346,0.0595,0.0716,sha256:85f23a78d109c9be7430a46e6427f9070f6d267492970a7adba2a24f3840fe90,sha256:819b765df8368035d6c29b1a54477d760de429cfdc3b91eb69791049adfd16dc,false,"three_way_fusion_v1, fusion_mode=weighted_score_minmax"
20260505_212616_three_way_w_0p40_0p40_0p20,three_way_hybrid,experiments/three_way_fusion_v1/configs/three_way_weighted_minmax.yaml,test,known_only,0.4377,0.6219,0.7081,0.8305,0.1495,0.4180,0.5553,0.6207,0.8498,0.6190,0.1538,0.0591,0.0764,sha256:85f23a78d109c9be7430a46e6427f9070f6d267492970a7adba2a24f3840fe90,sha256:819b765df8368035d6c29b1a54477d760de429cfdc3b91eb69791049adfd16dc,false,"three_way_fusion_v1, fusion_mode=weighted_score_minmax"
20260505_212655_three_way_w_0p40_0p50_0p10,three_way_hybrid,experiments/three_way_fusion_v1/configs/three_way_weighted_minmax.yaml,test,known_only,0.4400,0.6261,0.7104,0.8268,0.1494,0.4211,0.5569,0.6212,0.8409,0.6935,0.1923,0.0589,0.0723,sha256:85f23a78d109c9be7430a46e6427f9070f6d267492970a7adba2a24f3840fe90,sha256:819b765df8368035d6c29b1a54477d760de429cfdc3b91eb69791049adfd16dc,false,"three_way_fusion_v1, fusion_mode=weighted_score_minmax"
20260505_212734_three_way_w_0p50_0p30_0p20,three_way_hybrid,experiments/three_way_fusion_v1/configs/three_way_weighted_minmax.yaml,test,known_only,0.4346,0.6139,0.7001,0.8176,0.1468,0.4154,0.5491,0.6129,0.8369,0.6042,0.1538,0.0590,0.0730,sha256:85f23a78d109c9be7430a46e6427f9070f6d267492970a7adba2a24f3840fe90,sha256:819b765df8368035d6c29b1a54477d760de429cfdc3b91eb69791049adfd16dc,false,"three_way_fusion_v1, fusion_mode=weighted_score_minmax"
20260505_212812_three_way_w_0p50_0p40_0p10,three_way_hybrid,experiments/three_way_fusion_v1/configs/three_way_weighted_minmax.yaml,test,known_only,0.4353,0.6185,0.7023,0.8126,0.1454,0.4168,0.5500,0.6127,0.8280,0.6548,0.1923,0.0634,0.1064,sha256:85f23a78d109c9be7430a46e6427f9070f6d267492970a7adba2a24f3840fe90,sha256:819b765df8368035d6c29b1a54477d760de429cfdc3b91eb69791049adfd16dc,false,"three_way_fusion_v1, fusion_mode=weighted_score_minmax"
20260505_212852_three_way_w_0p00_0p60_0p40,three_way_hybrid,experiments/three_way_fusion_v1/configs/three_way_weighted_zscore.yaml,test,known_only,0.4061,0.6151,0.7075,0.8444,0.1489,0.3972,0.5372,0.6102,0.8729,0.4911,0.1154,0.0890,0.1378,sha256:85f23a78d109c9be7430a46e6427f9070f6d267492970a7adba2a24f3840fe90,sha256:819b765df8368035d6c29b1a54477d760de429cfdc3b91eb69791049adfd16dc,false,"three_way_fusion_v1, fusion_mode=weighted_score_zscore"
20260505_212930_three_way_w_0p00_0p70_0p30,three_way_hybrid,experiments/three_way_fusion_v1/configs/three_way_weighted_zscore.yaml,test,known_only,0.4020,0.6127,0.7065,0.8495,0.1505,0.3954,0.5348,0.6095,0.8742,0.5565,0.1346,0.0858,0.1070,sha256:85f23a78d109c9be7430a46e6427f9070f6d267492970a7adba2a24f3840fe90,sha256:819b765df8368035d6c29b1a54477d760de429cfdc3b91eb69791049adfd16dc,false,"three_way_fusion_v1, fusion_mode=weighted_score_zscore"
20260505_213010_three_way_w_0p10_0p50_0p40,three_way_hybrid,experiments/three_way_fusion_v1/configs/three_way_weighted_zscore.yaml,test,known_only,0.4394,0.6290,0.7164,0.8480,0.1515,0.4193,0.5607,0.6289,0.8745,0.5238,0.1346,0.0871,0.1063,sha256:85f23a78d109c9be7430a46e6427f9070f6d267492970a7adba2a24f3840fe90,sha256:819b765df8368035d6c29b1a54477d760de429cfdc3b91eb69791049adfd16dc,false,"three_way_fusion_v1, fusion_mode=weighted_score_zscore"
20260505_213049_three_way_w_0p10_0p60_0p30,three_way_hybrid,experiments/three_way_fusion_v1/configs/three_way_weighted_zscore.yaml,test,known_only,0.4390,0.6310,0.7223,0.8526,0.1588,0.4217,0.5624,0.6313,0.8756,0.5863,0.1346,0.0900,0.1210,sha256:85f23a78d109c9be7430a46e6427f9070f6d267492970a7adba2a24f3840fe90,sha256:819b765df8368035d6c29b1a54477d760de429cfdc3b91eb69791049adfd16dc,false,"three_way_fusion_v1, fusion_mode=weighted_score_zscore"
20260505_213128_three_way_w_0p10_0p70_0p20,three_way_hybrid,experiments/three_way_fusion_v1/configs/three_way_weighted_zscore.yaml,test,known_only,0.4339,0.6334,0.7269,0.8565,0.1609,0.4189,0.5610,0.6313,0.8760,0.6458,0.1538,0.0862,0.1116,sha256:85f23a78d109c9be7430a46e6427f9070f6d267492970a7adba2a24f3840fe90,sha256:819b765df8368035d6c29b1a54477d760de429cfdc3b91eb69791049adfd16dc,false,"three_way_fusion_v1, fusion_mode=weighted_score_zscore"
20260505_213207_three_way_w_0p20_0p40_0p40,three_way_hybrid,experiments/three_way_fusion_v1/configs/three_way_weighted_zscore.yaml,test,known_only,0.4427,0.6254,0.7118,0.8358,0.1515,0.4221,0.5596,0.6252,0.8614,0.5238,0.1346,0.0876,0.1073,sha256:85f23a78d109c9be7430a46e6427f9070f6d267492970a7adba2a24f3840fe90,sha256:819b765df8368035d6c29b1a54477d760de429cfdc3b91eb69791049adfd16dc,false,"three_way_fusion_v1, fusion_mode=weighted_score_zscore"
20260505_213246_three_way_w_0p20_0p50_0p30,three_way_hybrid,experiments/three_way_fusion_v1/configs/three_way_weighted_zscore.yaml,test,known_only,0.4436,0.6290,0.7154,0.8409,0.1536,0.4240,0.5619,0.6282,0.8629,0.5893,0.1346,0.0858,0.1117,sha256:85f23a78d109c9be7430a46e6427f9070f6d267492970a7adba2a24f3840fe90,sha256:819b765df8368035d6c29b1a54477d760de429cfdc3b91eb69791049adfd16dc,false,"three_way_fusion_v1, fusion_mode=weighted_score_zscore"
20260505_213326_three_way_w_0p20_0p60_0p20,three_way_hybrid,experiments/three_way_fusion_v1/configs/three_way_weighted_zscore.yaml,test,known_only,0.4456,0.6314,0.7184,0.8417,0.1598,0.4268,0.5640,0.6300,0.8604,0.6458,0.1346,0.0874,0.1219,sha256:85f23a78d109c9be7430a46e6427f9070f6d267492970a7adba2a24f3840fe90,sha256:819b765df8368035d6c29b1a54477d760de429cfdc3b91eb69791049adfd16dc,false,"three_way_fusion_v1, fusion_mode=weighted_score_zscore"
20260505_213405_three_way_w_0p20_0p70_0p10,three_way_hybrid,experiments/three_way_fusion_v1/configs/three_way_weighted_zscore.yaml,test,known_only,0.4439,0.6334,0.7196,0.8334,0.1594,0.4259,0.5619,0.6267,0.8458,0.7262,0.2115,0.0889,0.1459,sha256:85f23a78d109c9be7430a46e6427f9070f6d267492970a7adba2a24f3840fe90,sha256:819b765df8368035d6c29b1a54477d760de429cfdc3b91eb69791049adfd16dc,false,"three_way_fusion_v1, fusion_mode=weighted_score_zscore"
20260505_213444_three_way_w_0p30_0p30_0p40,three_way_hybrid,experiments/three_way_fusion_v1/configs/three_way_weighted_zscore.yaml,test,known_only,0.4416,0.6175,0.7021,0.8224,0.1495,0.4212,0.5547,0.6183,0.8467,0.5298,0.1346,0.0874,0.1132,sha256:85f23a78d109c9be7430a46e6427f9070f6d267492970a7adba2a24f3840fe90,sha256:819b765df8368035d6c29b1a54477d760de429cfdc3b91eb69791049adfd16dc,false,"three_way_fusion_v1, fusion_mode=weighted_score_zscore"
20260505_213523_three_way_w_0p30_0p40_0p30,three_way_hybrid,experiments/three_way_fusion_v1/configs/three_way_weighted_zscore.yaml,test,known_only,0.4399,0.6210,0.7052,0.8253,0.1477,0.4200,0.5560,0.6200,0.8469,0.5774,0.1346,0.0867,0.1125,sha256:85f23a78d109c9be7430a46e6427f9070f6d267492970a7adba2a24f3840fe90,sha256:819b765df8368035d6c29b1a54477d760de429cfdc3b91eb69791049adfd16dc,false,"three_way_fusion_v1, fusion_mode=weighted_score_zscore"
20260505_213603_three_way_w_0p30_0p50_0p20,three_way_hybrid,experiments/three_way_fusion_v1/configs/three_way_weighted_zscore.yaml,test,known_only,0.4421,0.6239,0.7098,0.8231,0.1535,0.4225,0.5576,0.6208,0.8409,0.6339,0.1538,0.0868,0.1402,sha256:85f23a78d109c9be7430a46e6427f9070f6d267492970a7adba2a24f3840fe90,sha256:819b765df8368035d6c29b1a54477d760de429cfdc3b91eb69791049adfd16dc,false,"three_way_fusion_v1, fusion_mode=weighted_score_zscore"
20260505_213642_three_way_w_0p30_0p60_0p10,three_way_hybrid,experiments/three_way_fusion_v1/configs/three_way_weighted_zscore.yaml,test,known_only,0.4426,0.6246,0.7087,0.8200,0.1539,0.4239,0.5575,0.6201,0.8329,0.7054,0.1923,0.0857,0.1242,sha256:85f23a78d109c9be7430a46e6427f9070f6d267492970a7adba2a24f3840fe90,sha256:819b765df8368035d6c29b1a54477d760de429cfdc3b91eb69791049adfd16dc,false,"three_way_fusion_v1, fusion_mode=weighted_score_zscore"
20260505_213722_three_way_w_0p40_0p30_0p30,three_way_hybrid,experiments/three_way_fusion_v1/configs/three_way_weighted_zscore.yaml,test,known_only,0.4382,0.6115,0.6936,0.8105,0.1459,0.4179,0.5497,0.6117,0.8313,0.5744,0.1346,0.0866,0.1070,sha256:85f23a78d109c9be7430a46e6427f9070f6d267492970a7adba2a24f3840fe90,sha256:819b765df8368035d6c29b1a54477d760de429cfdc3b91eb69791049adfd16dc,false,"three_way_fusion_v1, fusion_mode=weighted_score_zscore"
20260505_213801_three_way_w_0p40_0p40_0p20,three_way_hybrid,experiments/three_way_fusion_v1/configs/three_way_weighted_zscore.yaml,test,known_only,0.4388,0.6146,0.6979,0.8087,0.1485,0.4192,0.5508,0.6122,0.8266,0.6161,0.1538,0.0862,0.1119,sha256:85f23a78d109c9be7430a46e6427f9070f6d267492970a7adba2a24f3840fe90,sha256:819b765df8368035d6c29b1a54477d760de429cfdc3b91eb69791049adfd16dc,false,"three_way_fusion_v1, fusion_mode=weighted_score_zscore"
20260505_213841_three_way_w_0p40_0p50_0p10,three_way_hybrid,experiments/three_way_fusion_v1/configs/three_way_weighted_zscore.yaml,test,known_only,0.4395,0.6183,0.7003,0.8024,0.1489,0.4205,0.5513,0.6113,0.8164,0.6637,0.2115,0.0869,0.1234,sha256:85f23a78d109c9be7430a46e6427f9070f6d267492970a7adba2a24f3840fe90,sha256:819b765df8368035d6c29b1a54477d760de429cfdc3b91eb69791049adfd16dc,false,"three_way_fusion_v1, fusion_mode=weighted_score_zscore"
20260505_213920_three_way_w_0p50_0p30_0p20,three_way_hybrid,experiments/three_way_fusion_v1/configs/three_way_weighted_zscore.yaml,test,known_only,0.4368,0.6083,0.6901,0.7939,0.1435,0.4169,0.5452,0.6045,0.8122,0.5893,0.1731,0.0867,0.1142,sha256:85f23a78d109c9be7430a46e6427f9070f6d267492970a7adba2a24f3840fe90,sha256:819b765df8368035d6c29b1a54477d760de429cfdc3b91eb69791049adfd16dc,false,"three_way_fusion_v1, fusion_mode=weighted_score_zscore"
20260505_214001_three_way_w_0p50_0p40_0p10,three_way_hybrid,experiments/three_way_fusion_v1/configs/three_way_weighted_zscore.yaml,test,known_only,0.4372,0.6110,0.6909,0.7888,0.1468,0.4183,0.5456,0.6037,0.8030,0.6458,0.2115,0.0866,0.1088,sha256:85f23a78d109c9be7430a46e6427f9070f6d267492970a7adba2a24f3840fe90,sha256:819b765df8368035d6c29b1a54477d760de429cfdc3b91eb69791049adfd16dc,false,"three_way_fusion_v1, fusion_mode=weighted_score_zscore"
20260505_214041_three_way_rrf_k60,three_way_hybrid,experiments/three_way_fusion_v1/configs/three_way_rrf.yaml,test,known_only,0.4188,0.6110,0.6945,0.8171,0.1418,0.4067,0.5397,0.6057,0.8386,0.5685,0.1538,0.1427,0.1897,sha256:85f23a78d109c9be7430a46e6427f9070f6d267492970a7adba2a24f3840fe90,sha256:819b765df8368035d6c29b1a54477d760de429cfdc3b91eb69791049adfd16dc,false,"three_way_fusion_v1, fusion_mode=rrf"
20260505_233545_eval_three_way_test,three_way_hybrid_promoted,E:/Python/orLLM/configs/final.yaml,test,known_only,0.4419,0.6358,0.7259,0.8555,0.1590,0.4250,0.5656,0.6345,0.8754,0.6369,0.1538,0.0007,0.0012,sha256:85f23a78d109c9be7430a46e6427f9070f6d267492970a7adba2a24f3840fe90,sha256:819b765df8368035d6c29b1a54477d760de429cfdc3b91eb69791049adfd16dc,false,"three_way_hybrid_promoted, fusion_mode=weighted_score_minmax, TASK-040 source_artifacts=20260505_232616_three_way_promoted"
20260507_135733_three_way_promoted,three_way_hybrid_promoted,configs/final.yaml,test,known_only,0.4419,0.6358,0.7259,0.8555,0.1590,0.4250,0.5656,0.6345,0.8754,0.6369,0.1538,0.0007,0.0011,sha256:85f23a78d109c9be7430a46e6427f9070f6d267492970a7adba2a24f3840fe90,sha256:819b765df8368035d6c29b1a54477d760de429cfdc3b91eb69791049adfd16dc,false,"final_three_way_train_only, fusion_mode=weighted_score_minmax, lambda=(0.10,0.70,0.20), TASK-030 source_artifacts=20260507_135733_three_way_promoted, DECISION-048 alpha"
