L_min,channel,tau_quantile,tau_value,show_rate_val,recall_at_10_given_shown_val,recall_at_10_overall_val,ci95_low,ci95_high
10,max_score,0.5,0.9829515546560287,0.5,0.9213545521835678,0.8585307179866766,0.914147307379634,0.9284692176569408
10,max_score,0.6,0.9898635113239288,0.3999814951887491,0.9275965764515383,0.8585307179866766,0.9198833461511313,0.9344116336595634
10,max_score,0.7,0.996967122554779,0.3000555144337528,0.9352451433857539,0.8585307179866766,0.926199616313928,0.943325375394498
10,max_score,0.8,1.0,0.25656920799407845,0.9390551749008295,0.8585307179866766,0.9297375848384197,0.9484869621878311
10,max_score,0.9,1.0,0.25656920799407845,0.9390551749008295,0.8585307179866766,0.930025956284153,0.9481224001255535
10,max_score,0.95,1.0,0.25656920799407845,0.9390551749008295,0.8585307179866766,0.9303763902968963,0.9471938926406718
10,max_score_calibrated,0.5,0.4343598055105348,0.8959104367135455,0.8762780130124961,0.8585307179866766,0.8698635848883749,0.8829252512018622
10,max_score_calibrated,0.6,0.4343598055105348,0.8959104367135455,0.8762780130124961,0.8585307179866766,0.8699314932687756,0.8830123406904957
10,max_score_calibrated,0.7,0.592,0.3860103626943005,0.9280920421860019,0.8585307179866766,0.9194893379802395,0.9368932050157407
10,max_score_calibrated,0.8,0.6842105263157895,0.25656920799407845,0.9390551749008295,0.8585307179866766,0.9299223138837747,0.9475122456340388
10,max_score_calibrated,0.9,0.6842105263157895,0.25656920799407845,0.9390551749008295,0.8585307179866766,0.9292711990643411,0.9469108438633005
10,max_score_calibrated,0.95,0.6842105263157895,0.25656920799407845,0.9390551749008295,0.8585307179866766,0.9299336684145664,0.9471451711536538
10,margin,0.5,0.04058445990085602,0.5,0.904700222057735,0.8585307179866766,0.8973146126869929,0.9116900216479848
10,margin,0.6,0.05337288141250609,0.3999814951887491,0.91441128845709,0.8585307179866766,0.9069950576208103,0.9231760334125466
10,margin,0.7,0.07014944344758989,0.3000555144337528,0.9250693802035153,0.8585307179866766,0.915607069255436,0.9339805628947305
10,margin,0.8,0.09102353930473335,0.20003700962250184,0.9375578168362627,0.8585307179866766,0.9279933110367893,0.9478837808063876
10,margin,0.9,0.12414078235626233,0.10001850481125092,0.9537465309898242,0.8585307179866766,0.9404172977092384,0.9661407622505129
10,margin,0.95,0.1544629797339439,0.05005551443375278,0.9574861367837338,0.8585307179866766,0.9413722322646776,0.9736110222790747
10,entropy,0.5,2.3014721580437616,0.5,0.7992227979274611,0.8585307179866766,0.7893738507205906,0.8095129729310988
10,entropy,0.6,2.3016867064499733,0.3999814951887491,0.7839463335646542,0.8585307179866766,0.7712798116317401,0.7965465707331042
10,entropy,0.7,2.301877406779743,0.3000555144337528,0.7674992291088498,0.8585307179866766,0.7526451957462098,0.7818433928655135
10,entropy,0.8,2.302043531171586,0.20003700962250184,0.7437557816836263,0.8585307179866766,0.7242332831543443,0.7605769978989961
10,entropy,0.9,2.3022148795287025,0.10001850481125092,0.6891766882516188,0.8585307179866766,0.6568627921549806,0.7168101961704006
10,entropy,0.95,2.30231533113262,0.05005551443375278,0.6432532347504621,0.8585307179866766,0.6005027422303474,0.682424670433145
10,normalized_gap,0.5,0.04152857043748102,0.5,0.9035899333826795,0.8585307179866766,0.8962034274803833,0.9111896992919011
10,normalized_gap,0.6,0.054327585815443384,0.3999814951887491,0.9141799676150821,0.8585307179866766,0.9061465500711924,0.9221739192978288
10,normalized_gap,0.7,0.07104402769827928,0.3000555144337528,0.9244526672833796,0.8585307179866766,0.9146377459749553,0.9328178857210327
10,normalized_gap,0.8,0.09185701552387533,0.20003700962250184,0.9357076780758556,0.8585307179866766,0.9249185976312906,0.9446517240025513
10,normalized_gap,0.9,0.12469911592649799,0.10001850481125092,0.9509713228492137,0.8585307179866766,0.9377841670797681,0.9629162349245489
10,normalized_gap,0.95,0.1546538807795999,0.05005551443375278,0.9574861367837338,0.8585307179866766,0.9397843682476711,0.9743962844229556
10,ensemble,0.5,0.7086556800832817,0.5,0.9213545521835678,0.8585307179866766,0.9144413519091714,0.9282797323723653
10,ensemble,0.6,0.7121116584172319,0.3999814951887491,0.9275965764515383,0.8585307179866766,0.9200432840970074,0.9340883063355939
10,ensemble,0.7,0.7944835612773895,0.3000555144337528,0.9352451433857539,0.8585307179866766,0.926338934457941,0.9436274141493882
10,ensemble,0.8,0.8421052631578947,0.25656920799407845,0.9390551749008295,0.8585307179866766,0.9298162024656966,0.9478919567226068
10,ensemble,0.9,0.8421052631578947,0.25656920799407845,0.9390551749008295,0.8585307179866766,0.9313107828456146,0.947113868475753
10,ensemble,0.95,0.8421052631578947,0.25656920799407845,0.9390551749008295,0.8585307179866766,0.9303612623012255,0.9480686758918115
20,max_score,0.5,0.9831317901611327,0.5000467508181393,0.9216529543754675,0.8597475455820477,0.9150088502804858,0.9293240820901215
20,max_score,0.6,0.9899740040302276,0.4,0.9277699859747546,0.8597475455820477,0.9194270231547812,0.9357154516366122
20,max_score,0.7,0.9970137155056,0.3000467508181393,0.9354939233406045,0.8597475455820477,0.9278810297043733,0.9439010945220764
20,max_score,0.8,1.0,0.25759700794763907,0.9390199637023593,0.8597475455820477,0.9302062521406553,0.9469467136737518
20,max_score,0.9,1.0,0.25759700794763907,0.9390199637023593,0.8597475455820477,0.9300090658726305,0.9470193478101809
20,max_score,0.95,1.0,0.25759700794763907,0.9390199637023593,0.8597475455820477,0.9303896571077463,0.9482739122355253
20,max_score_calibrated,0.5,0.4343598055105348,0.8985507246376812,0.8760665972944849,0.8597475455820477,0.8699223991550215,0.8823346312036844
20,max_score_calibrated,0.6,0.4343598055105348,0.8985507246376812,0.8760665972944849,0.8597475455820477,0.870103026330785,0.8818966553623222
20,max_score_calibrated,0.7,0.592,0.387190275829827,0.9280367061096354,0.8597475455820477,0.9200538737965147,0.9357223788557012
20,max_score_calibrated,0.8,0.6842105263157895,0.25759700794763907,0.9390199637023593,0.8597475455820477,0.9299530687588895,0.9478539036430147
20,max_score_calibrated,0.9,0.6842105263157895,0.25759700794763907,0.9390199637023593,0.8597475455820477,0.9298309073482649,0.9475275844202801
20,max_score_calibrated,0.95,0.6842105263157895,0.25759700794763907,0.9390199637023593,0.8597475455820477,0.9303450251062247,0.9478825756708854
20,margin,0.5,0.040797358751297086,0.5000467508181393,0.9048242333582648,0.8597475455820477,0.897554144884242,0.9124884723365261
20,margin,0.6,0.053608648777007904,0.4,0.9151472650771388,0.8597475455820477,0.9074490174413887,0.9227492401439935
20,margin,0.7,0.07025082707405095,0.3000467508181393,0.9258335930196323,0.8597475455820477,0.9148259307076229,0.9337382354041517
20,margin,0.8,0.09097069382667548,0.2,0.9378214118747078,0.8597475455820477,0.9251981245650418,0.9474184873453816
20,margin,0.9,0.12382631063461302,0.10004675081813932,0.9542056074766355,0.8597475455820477,0.9418748296074155,0.966487059259966
20,margin,0.95,0.15366189956665038,0.05002337540906966,0.9570093457943926,0.8597475455820477,0.9375464826128963,0.9732292800211759
20,entropy,0.5,2.301472421822701,0.5000467508181393,0.8012341062079282,0.8597475455820477,0.7917244916955826,0.811336974999111
20,entropy,0.6,2.3016855343230187,0.4,0.7856474988312295,0.8597475455820477,0.7734943691989923,0.7978633965368136
20,entropy,0.7,2.301876153556591,0.3000467508181393,0.770645060766594,0.8597475455820477,0.7564081783709755,0.784128413534066
20,entropy,0.8,2.302039375325929,0.2,0.7475455820476858,0.8597475455820477,0.7296462076402196,0.7689357622243528
20,entropy,0.9,2.3022117247176346,0.10004675081813932,0.6981308411214954,0.8597475455820477,0.6728254901577433,0.7255681080379172
20,entropy,0.95,2.302311475351503,0.05002337540906966,0.6542056074766355,0.8597475455820477,0.6173752310536045,0.6949925069076944
20,normalized_gap,0.5,0.04172362694337834,0.5000467508181393,0.9040762902019447,0.8597475455820477,0.8958764667959632,0.9118192105870142
20,normalized_gap,0.6,0.05445730440176463,0.4,0.9144460028050491,0.8597475455820477,0.9068858202940584,0.9224641092420371
20,normalized_gap,0.7,0.07113721702090761,0.3000467508181393,0.9248987223434092,0.8597475455820477,0.9153600274636161,0.9339450658820465
20,normalized_gap,0.8,0.09181496730206015,0.2,0.9359513791491351,0.8597475455820477,0.9253209565392306,0.9465742180354856
20,normalized_gap,0.9,0.12449976018781685,0.10004675081813932,0.9523364485981308,0.8597475455820477,0.9374603587199144,0.9637392609639825
20,normalized_gap,0.95,0.15382351174469394,0.05002337540906966,0.9570093457943926,0.8597475455820477,0.9384837962962963,0.9738596656414119
20,ensemble,0.5,0.7087457978358338,0.5000467508181393,0.9216529543754675,0.8597475455820477,0.914756718233004,0.9289565672221524
20,ensemble,0.6,0.7121669047703812,0.4,0.9277699859747546,0.8597475455820477,0.9207075266173147,0.9352415573704065
20,ensemble,0.7,0.7945068577528,0.3000467508181393,0.9354939233406045,0.8597475455820477,0.9265802073802989,0.9449404720945945
20,ensemble,0.8,0.8421052631578947,0.25759700794763907,0.9390199637023593,0.8597475455820477,0.9303173260137522,0.9479820977170621
20,ensemble,0.9,0.8421052631578947,0.25759700794763907,0.9390199637023593,0.8597475455820477,0.9290893636905625,0.9484170481446776
20,ensemble,0.95,0.8421052631578947,0.25759700794763907,0.9390199637023593,0.8597475455820477,0.9291181925802676,0.9480631113352594
30,max_score,0.5,0.9831546515226364,0.5,0.921794134560092,0.8607437224458501,0.9141638942244612,0.9285606472278826
30,max_score,0.6,0.9899444925785064,0.40003833620854895,0.928605654048874,0.8607437224458501,0.9202021282923317,0.9364425105317234
30,max_score,0.7,0.9969439589977264,0.2999808318957255,0.9364217252396166,0.8607437224458501,0.9275945246719761,0.9448613894068729
30,max_score,0.8,1.0,0.25666091623538434,0.9398805078416729,0.8607437224458501,0.9320309865151213,0.9492267184808122
30,max_score,0.9,1.0,0.25666091623538434,0.9398805078416729,0.8607437224458501,0.9308296403528292,0.948931499334743
30,max_score,0.95,1.0,0.25666091623538434,0.9398805078416729,0.8607437224458501,0.9306173069750093,0.9490045506257111
30,max_score_calibrated,0.5,0.4343598055105348,0.9009009009009009,0.8767021276595744,0.8607437224458501,0.8699235404431059,0.8831740068007028
30,max_score_calibrated,0.6,0.4343598055105348,0.9009009009009009,0.8767021276595744,0.8607437224458501,0.8708320675941076,0.8832118727667316
30,max_score_calibrated,0.7,0.592,0.3867165037377803,0.9288723667905824,0.8607437224458501,0.9217319059518999,0.936787063012712
30,max_score_calibrated,0.8,0.6842105263157895,0.25666091623538434,0.9398805078416729,0.8607437224458501,0.9306297344419715,0.9485310093203949
30,max_score_calibrated,0.9,0.6842105263157895,0.25666091623538434,0.9398805078416729,0.8607437224458501,0.9314959664005322,0.949065549560549
30,max_score_calibrated,0.95,0.6842105263157895,0.25666091623538434,0.9398805078416729,0.8607437224458501,0.9301361164404819,0.9485212665314988
30,margin,0.5,0.04065510481595991,0.5,0.9066513321832471,0.8607437224458501,0.8980858544153613,0.9145921411119778
30,margin,0.6,0.05344525039196006,0.40003833620854895,0.915428845232391,0.8607437224458501,0.9071566787258485,0.923949460378855
30,margin,0.7,0.07001148998737329,0.2999808318957255,0.9261980830670926,0.8607437224458501,0.9182054148418118,0.9359076300026478
30,margin,0.8,0.09041308283805853,0.20001916810427448,0.9381887877335889,0.8607437224458501,0.9277852163962069,0.9479433211245464
30,margin,0.9,0.12255742847919475,0.10005750431282347,0.9530651340996169,0.8607437224458501,0.9397089843051732,0.9649289099526066
30,margin,0.95,0.1506135231256486,0.050028752156411734,0.9559386973180076,0.8607437224458501,0.9380803683077779,0.9739123410464874
30,entropy,0.5,2.3014789275805514,0.5,0.8016101207590569,0.8607437224458501,0.7916956429204991,0.8115711832951897
30,entropy,0.6,2.301691803952691,0.40003833620854895,0.7872544321993292,0.8607437224458501,0.7754954906571158,0.7991980303312076
30,entropy,0.7,2.3018796105229717,0.2999808318957255,0.7702875399361022,0.8607437224458501,0.7551863993431729,0.7857499323067068
30,entropy,0.8,2.3020427137032313,0.20001916810427448,0.7494010541447054,0.8607437224458501,0.7286339435664309,0.7667342931772644
30,entropy,0.9,2.302211733728223,0.10005750431282347,0.7021072796934866,0.8607437224458501,0.6722489755039786,0.7279730956001373
30,entropy,0.95,2.302309898337735,0.050028752156411734,0.6590038314176245,0.8607437224458501,0.618718671679198,0.7007495621716288
30,normalized_gap,0.5,0.041555705649465285,0.5,0.9055012459267778,0.8607437224458501,0.8971923055875084,0.9128098975121084
30,normalized_gap,0.6,0.054363054450311886,0.40003833620854895,0.9151892668902731,0.8607437224458501,0.9071874848840815,0.9233957534876195
30,normalized_gap,0.7,0.0709046124709497,0.2999808318957255,0.9258785942492013,0.8607437224458501,0.9163829507840714,0.9355682949208423
30,normalized_gap,0.8,0.09118908873022206,0.20001916810427448,0.9367513176808816,0.8607437224458501,0.9256293123057093,0.9473090104062437
30,normalized_gap,0.9,0.12288178077407545,0.10005750431282347,0.9501915708812261,0.8607437224458501,0.9380600766512368,0.9633114630256567
30,normalized_gap,0.95,0.15095756843491512,0.050028752156411734,0.9559386973180076,0.8607437224458501,0.936688053423245,0.9740566620318171
30,ensemble,0.5,0.7087572285165856,0.5,0.921794134560092,0.8607437224458501,0.914845961533803,0.9295512327702548
30,ensemble,0.6,0.7121521490445206,0.40003833620854895,0.928605654048874,0.8607437224458501,0.9203057718593595,0.936806751797268
30,ensemble,0.7,0.7944719794988632,0.2999808318957255,0.9364217252396166,0.8607437224458501,0.9277892543279972,0.9449170726317371
30,ensemble,0.8,0.8421052631578947,0.25666091623538434,0.9398805078416729,0.8607437224458501,0.9307923862697025,0.9484224418512344
30,ensemble,0.9,0.8421052631578947,0.25666091623538434,0.9398805078416729,0.8607437224458501,0.9301103772670486,0.9497324901328328
30,ensemble,0.95,0.8421052631578947,0.25666091623538434,0.9398805078416729,0.8607437224458501,0.9309939187495304,0.9489621576142463
50,max_score,0.5,0.9831663727760315,0.5,0.925770601803313,0.864122457538268,0.9187954036839387,0.9335096920487941
50,max_score,0.6,0.9897953021526337,0.39997903124344725,0.9321100917431193,0.864122457538268,0.9247024472562997,0.94023585683537
50,max_score,0.7,0.9966442877054214,0.3000629062696582,0.940251572327044,0.864122457538268,0.9312657493110372,0.949163084749226
50,max_score,0.8,1.0,0.2521492975466555,0.9434511434511434,0.864122457538268,0.9337354773604011,0.9519484813216467
50,max_score,0.9,1.0,0.2521492975466555,0.9434511434511434,0.864122457538268,0.9338959659472419,0.9527234893604506
50,max_score,0.95,1.0,0.2521492975466555,0.9434511434511434,0.864122457538268,0.9344410833976422,0.9515606824685716
50,max_score_calibrated,0.5,0.4343598055105348,0.9063745019920318,0.8787738577212262,0.864122457538268,0.8717269741030277,0.8849939551768727
50,max_score_calibrated,0.6,0.4343598055105348,0.9063745019920318,0.8787738577212262,0.864122457538268,0.871813818967709,0.8850516475061965
50,max_score_calibrated,0.7,0.592,0.38425246382889494,0.9331514324693042,0.864122457538268,0.9248667800650957,0.9413403570321801
50,max_score_calibrated,0.8,0.6842105263157895,0.2521492975466555,0.9434511434511434,0.864122457538268,0.9339940710294963,0.952311592939501
50,max_score_calibrated,0.9,0.6842105263157895,0.2521492975466555,0.9434511434511434,0.864122457538268,0.9341052612932716,0.9528501554326096
50,max_score_calibrated,0.95,0.6842105263157895,0.2521492975466555,0.9434511434511434,0.864122457538268,0.933456931382494,0.9527703385725466
50,margin,0.5,0.04000101089477537,0.5,0.9104634095198155,0.864122457538268,0.9016594579479301,0.9186802887720331
50,margin,0.6,0.0524644255638123,0.39997903124344725,0.9190039318479686,0.864122457538268,0.9106350543022406,0.9271186718941639
50,margin,0.7,0.06878312289714819,0.3000629062696582,0.9290705800139762,0.864122457538268,0.9190725004123881,0.9382603312950214
50,margin,0.8,0.08880312442779544,0.20004193751310548,0.9444444444444444,0.864122457538268,0.9344542924868597,0.9547178013557324
50,margin,0.9,0.11973830550909051,0.10002096875655274,0.9612159329140462,0.864122457538268,0.9473936991112767,0.9737010776757281
50,margin,0.95,0.1464754702150821,0.05001048437827637,0.9685534591194969,0.864122457538268,0.9527210561005907,0.9835390946502057
50,entropy,0.5,2.3014987471997057,0.5,0.803103375969805,0.864122457538268,0.7926841374213116,0.8149989500161214
50,entropy,0.6,2.3017047212855224,0.39997903124344725,0.7900393184796854,0.864122457538268,0.77814025977737,0.8024653215636822
50,entropy,0.7,2.301890258725166,0.3000629062696582,0.7760307477288609,0.864122457538268,0.761466208154546,0.7918758508950572
50,entropy,0.8,2.3020505896752352,0.20004193751310548,0.7552410901467506,0.864122457538268,0.7351796169571105,0.7746250837281996
50,entropy,0.9,2.3022158379465054,0.10002096875655274,0.7064989517819706,0.864122457538268,0.6786468068199485,0.734030303030303
50,entropy,0.95,2.302314723325826,0.05001048437827637,0.6645702306079665,0.864122457538268,0.623267809139785,0.706318703679904
50,normalized_gap,0.5,0.04095883583883754,0.5,0.9098343468232334,0.864122457538268,0.9012379186867086,0.9175834970402783
50,normalized_gap,0.6,0.053496995784438874,0.39997903124344725,0.9179554390563565,0.864122457538268,0.909206224157448,0.926358371340315
50,normalized_gap,0.7,0.0696833096703285,0.3000629062696582,0.9290705800139762,0.864122457538268,0.9200940501995901,0.9384727462085598
50,normalized_gap,0.8,0.0895246439923172,0.20004193751310548,0.9433962264150944,0.864122457538268,0.9336064598539543,0.9531281276323791
50,normalized_gap,0.9,0.12006019858017553,0.10002096875655274,0.960167714884696,0.864122457538268,0.9469488395375738,0.9724625922023182
50,normalized_gap,0.95,0.14667701740051306,0.05001048437827637,0.9664570230607966,0.864122457538268,0.9495677761142463,0.9815807053158342
50,ensemble,0.5,0.7087630891432832,0.5,0.925770601803313,0.864122457538268,0.9185125494803174,0.9325784762771808
50,ensemble,0.6,0.7120775538315843,0.39997903124344725,0.9321100917431193,0.864122457538268,0.9241806363325351,0.9396881512003176
50,ensemble,0.7,0.7943221438527106,0.3000629062696582,0.940251572327044,0.864122457538268,0.9307193001060445,0.9485243651338366
50,ensemble,0.8,0.8421052631578947,0.2521492975466555,0.9434511434511434,0.864122457538268,0.9339889235613281,0.9525761043940995
50,ensemble,0.9,0.8421052631578947,0.2521492975466555,0.9434511434511434,0.864122457538268,0.933318653157894,0.9527362875231612
50,ensemble,0.95,0.8421052631578947,0.2521492975466555,0.9434511434511434,0.864122457538268,0.9339385254066978,0.9527687196889911
100,max_score,0.5,0.9831400096416473,0.5000691085003456,0.9353233830845771,0.8721492743607464,0.9268437844399368,0.9425176919594208
100,max_score,0.6,0.989784595966339,0.4,0.9419488597097443,0.8721492743607464,0.9336138554696837,0.9513301148897534
100,max_score,0.7,0.9964449548721314,0.3000691085003455,0.9493321050207277,0.8721492743607464,0.9397878277778553,0.9572536867162099
100,max_score,0.8,1.0,0.24989633724948168,0.9513274336283186,0.8721492743607464,0.942281317489561,0.9604547938181547
100,max_score,0.9,1.0,0.24989633724948168,0.9513274336283186,0.8721492743607464,0.941221634127789,0.9602041089473332
100,max_score,0.95,1.0,0.24989633724948168,0.9513274336283186,0.8721492743607464,0.9418524901049486,0.9605990156566248
100,max_score_calibrated,0.5,0.4343598055105348,0.9107118175535591,0.8858703900440128,0.8721492743607464,0.8783734656449043,0.8934043111278148
100,max_score_calibrated,0.6,0.4343598055105348,0.9107118175535591,0.8858703900440128,0.8721492743607464,0.8778049076411254,0.8927490570974164
100,max_score_calibrated,0.7,0.592,0.38424326192121633,0.9431654676258993,0.8721492743607464,0.9341669208690309,0.9516628102815948
100,max_score_calibrated,0.8,0.6842105263157895,0.24989633724948168,0.9513274336283186,0.8721492743607464,0.9408595905541526,0.9612594439163261
100,max_score_calibrated,0.9,0.6842105263157895,0.24989633724948168,0.9513274336283186,0.8721492743607464,0.940578665568369,0.9608073755818116
100,max_score_calibrated,0.95,0.6842105263157895,0.24989633724948168,0.9513274336283186,0.8721492743607464,0.9424421730432608,0.9615818686330806
100,margin,0.5,0.03971847891807545,0.5000691085003456,0.9168048645660586,0.8721492743607464,0.9078857456358942,0.9256452666228429
100,margin,0.6,0.05197147727012639,0.4,0.9246717346233587,0.8721492743607464,0.9146649639232369,0.9340610371509248
100,margin,0.7,0.06800779998302463,0.3000691085003455,0.9359742054352833,0.8721492743607464,0.9254570329632155,0.9461088176678732
100,margin,0.8,0.08750071048736584,0.2,0.9481686247408431,0.8721492743607464,0.9363450512778063,0.9604500730738355
100,margin,0.9,0.11636968016624452,0.10006910850034555,0.9668508287292817,0.8721492743607464,0.954512539184953,0.9793612081451819
100,margin,0.95,0.1411319893598556,0.05003455425017277,0.9751381215469613,0.8721492743607464,0.9588065610859728,0.9912023460410557
100,entropy,0.5,2.301524964143632,0.5000691085003456,0.804588170259812,0.8721492743607464,0.7914197878519341,0.8171473311812436
100,entropy,0.6,2.301716766469367,0.4,0.7923289564616448,0.8721492743607464,0.7782206352883265,0.8067186284483274
100,entropy,0.7,2.3019007638887,0.3000691085003455,0.7770612620912022,0.8721492743607464,0.7602317756461809,0.7946701786356499
100,entropy,0.8,2.302051773432851,0.2,0.7498272287491361,0.8721492743607464,0.726221120702592,0.7713320524593544
100,entropy,0.9,2.3022147852311288,0.10006910850034555,0.6933701657458563,0.8721492743607464,0.6576351970392873,0.7282268741008295
100,entropy,0.95,2.302316068423101,0.05003455425017277,0.6464088397790055,0.8721492743607464,0.5957052995561224,0.6922463430722073
100,normalized_gap,0.5,0.04055312867877679,0.5000691085003456,0.9176340519624102,0.8721492743607464,0.9093994594933759,0.9260194314997262
100,normalized_gap,0.6,0.052992974997479965,0.4,0.9229440221147202,0.8721492743607464,0.9138040592610239,0.9328388442050708
100,normalized_gap,0.7,0.06877912633693686,0.3000691085003455,0.9350529709811147,0.8721492743607464,0.9248823272082471,0.9458596399938328
100,normalized_gap,0.8,0.08865775075776534,0.2,0.949550794747754,0.8721492743607464,0.9374557802092175,0.9603272302699359
100,normalized_gap,0.9,0.11700525630852948,0.10006910850034555,0.9668508287292817,0.8721492743607464,0.9517544630387694,0.9784017042262769
100,normalized_gap,0.95,0.1412098677534396,0.05003455425017277,0.9751381215469613,0.8721492743607464,0.956809776866182,0.9893346797132779
100,ensemble,0.5,0.708749907576091,0.5000691085003456,0.9353233830845771,0.8721492743607464,0.9276898253947639,0.9433473822433073
100,ensemble,0.6,0.712072200738437,0.4,0.9419488597097443,0.8721492743607464,0.9332907218684677,0.9504756338481629
100,ensemble,0.7,0.7942224774360657,0.3000691085003455,0.9493321050207277,0.8721492743607464,0.9412887206813992,0.9588011102170141
100,ensemble,0.8,0.8421052631578947,0.24989633724948168,0.9513274336283186,0.8721492743607464,0.9417165183578853,0.9613011777902412
100,ensemble,0.9,0.8421052631578947,0.24989633724948168,0.9513274336283186,0.8721492743607464,0.9417100517872654,0.962065668467868
100,ensemble,0.95,0.8421052631578947,0.24989633724948168,0.9513274336283186,0.8721492743607464,0.9410936726860459,0.9600717539863326
